{
  "data": 
 [ 
  {
  "id":1,
  "requestDate":"15-09-2023",
    "processOwnerName": "Akash Verma",
    "processOwnerEmail": "process1@example.com",
    "processName": "Extract/Purge Purchase Orders-Ford",
    "processComplexity": "Medium",
    "function": "Supply Chain",
    "pleaseSpecify": "",
    "processStability": "Stable",
    "processDescription": "Lorem Ipsum placeholder text for use in your graphic, print and web layouts, and discover plugins for your favorite writing, design and blogging tools. Explore the origins, history and meaning of the famous passage, and learn how Lorem Ipsum went from",
    "processErrorRate": "Low",
    "region": "india",
    "countryAffiliateSupported": "india",
    "processFrequency": "Daily",
    "processTimeSensitive": "No",
    "monthlyProcessVolume": "1000",
    "unitOfVolumeMeasure": "Emails",
    "numberOfFTE": "5",
    "avgTimeUnitProcessing": "15",
    "averageFTECost": "5000",
    "isProcessScalable": "Yes",
    "primaryBusinessDrivers": "Profitability",
    "biggestPainPoints": "Data Entry Errors",
    "pointProblem": "",
    "adhereToRegulatoryRequirements": "Yes",
    "humanInputRequired": "No",
    "processVariations": "Yes",
    "upcomingApplicationChanges": "No",
    "dataSensitivityRequirements": "No",
    "tokenBasedAuthentication": "No",
    "nonDigitalInputs": "No",
    "updatedSOPsAndProcessMaps": "Yes",
    "expectProcessChangeNext12Months": "No",
    "auditTrailRequired": "Yes",
    "automationInProcessArea": "3",
    "automationProcessAreaOther": "",
    "automationPlatform": "UiPath",
    "provideDetails": "",
    "scheduledOrOnDemand": "Scheduled",
    "simplifyOrStandardizeBeforeAutomating": "No",
    "extractDataFromDocumentsOrURLs": "Yes",
    "languages": "English",
    "provideLanguageSupported": "",
    "multipleSoftwareApplications": "No",
    "inputDataErrorsOrExceptions": "Yes",
    "errorsResolvableWithRulesOrLogic": "Yes",
    "dataExchangeBetweenSystems": "Yes",
    "integrationWithOtherSystemsOrAPIs": "No",
    "highWorkloadPeriods": "Yes",
    "gainInsightsFromProcessData": "Yes",
    "sandboxOrTestEnvironmentAvailable": "Yes",
    "image": "https://robohash.org/hicveldicta.png"
  },
{"id":2,
"requestDate":"15-09-2023",
    "processOwnerName": "Shubham Sharma",
    "processOwnerEmail": "process2@example.com",
    "processName": "Extract/Purge Purchase Orders-Volkswagon",
    "processComplexity": "Medium",
    "function": "HR",
    "pleaseSpecify": "",
    "processStability": "Stable",
    "processDescription": "Lorem Ipsum placeholder text for use in your graphic, print and web layouts, and discover plugins for your favorite writing, design and blogging tools. Explore the origins, history and meaning of the famous passage, and learn how Lorem Ipsum went from",
    "processErrorRate": "Low",
    "region": "india",
    "countryAffiliateSupported": "india",
    "processFrequency": "Daily",
    "processTimeSensitive": "No",
    "monthlyProcessVolume": "1000",
    "unitOfVolumeMeasure": "Emails",
    "numberOfFTE": "5",
    "avgTimeUnitProcessing": "15",
    "averageFTECost": "5000",
    "isProcessScalable": "Yes",
    "primaryBusinessDrivers": "Profitability",
    "biggestPainPoints": "Data Entry Errors",
    "pointProblem": "",
    "adhereToRegulatoryRequirements": "Yes",
    "humanInputRequired": "No",
    "processVariations": "Yes",
    "upcomingApplicationChanges": "No",
    "dataSensitivityRequirements": "No",
    "tokenBasedAuthentication": "No",
    "nonDigitalInputs": "No",
    "updatedSOPsAndProcessMaps": "Yes",
    "expectProcessChangeNext12Months": "No",
    "auditTrailRequired": "Yes",
    "automationInProcessArea": "3",
    "automationProcessAreaOther": "",
    "automationPlatform": "UiPath",
    "provideDetails": "",
    "scheduledOrOnDemand": "Scheduled",
    "simplifyOrStandardizeBeforeAutomating": "No",
    "extractDataFromDocumentsOrURLs": "Yes",
    "languages": "English",
    "provideLanguageSupported": "",
    "multipleSoftwareApplications": "No",
    "inputDataErrorsOrExceptions": "Yes",
    "errorsResolvableWithRulesOrLogic": "Yes",
    "dataExchangeBetweenSystems": "Yes",
    "integrationWithOtherSystemsOrAPIs": "No",
    "highWorkloadPeriods": "Yes",
    "gainInsightsFromProcessData": "Yes",
    "sandboxOrTestEnvironmentAvailable": "Yes",
"image": "https://robohash.org/doloremquesintcorrupti.png"
  },{
    "id":3,
    "requestDate":"12-09-2023",
    "processOwnerName": "Manish Singh",
    "processOwnerEmail": "process3@example.com",
    "processName": "Frontier Reporting & Inventory Reconciliation",
    "processComplexity": "Medium",
    "function": "EM&D",
    "pleaseSpecify": "",
    "processStability": "Stable",
    "processDescription": "Lorem Ipsum placeholder text for use in your graphic, print and web layouts, and discover plugins for your favorite writing, design and blogging tools. Explore the origins, history and meaning of the famous passage, and learn how Lorem Ipsum went from",
    "processErrorRate": "Low",
    "region": "india",
    "countryAffiliateSupported": "india",
    "processFrequency": "Daily",
    "processTimeSensitive": "No",
    "monthlyProcessVolume": "1000",
    "unitOfVolumeMeasure": "Emails",
    "numberOfFTE": "5",
    "avgTimeUnitProcessing": "15",
    "averageFTECost": "5000",
    "isProcessScalable": "Yes",
    "primaryBusinessDrivers": "Profitability",
    "biggestPainPoints": "Data Entry Errors",
    "pointProblem": "",
    "adhereToRegulatoryRequirements": "Yes",
    "humanInputRequired": "No",
    "processVariations": "Yes",
    "upcomingApplicationChanges": "No",
    "dataSensitivityRequirements": "No",
    "tokenBasedAuthentication": "No",
    "nonDigitalInputs": "No",
    "updatedSOPsAndProcessMaps": "Yes",
    "expectProcessChangeNext12Months": "No",
    "auditTrailRequired": "Yes",
    "automationInProcessArea": "3",
    "automationProcessAreaOther": "",
    "automationPlatform": "UiPath",
    "provideDetails": "",
    "scheduledOrOnDemand": "Scheduled",
    "simplifyOrStandardizeBeforeAutomating": "No",
    "extractDataFromDocumentsOrURLs": "Yes",
    "languages": "English",
    "provideLanguageSupported": "",
    "multipleSoftwareApplications": "No",
    "inputDataErrorsOrExceptions": "Yes",
    "errorsResolvableWithRulesOrLogic": "Yes",
    "dataExchangeBetweenSystems": "Yes",
    "integrationWithOtherSystemsOrAPIs": "No",
    "highWorkloadPeriods": "Yes",
    "gainInsightsFromProcessData": "Yes",
    "sandboxOrTestEnvironmentAvailable": "Yes",
"image": "https://robohash.org/consequunturautconsequatur.png"
  },{
    "id":4,
    "requestDate":"14-09-2023",
    "processOwnerName": "Akhil Mehra",
    "processOwnerEmail": "process4@example.com",
    "processName": "GR Automation",
    "processComplexity": "Medium",
    "function": "Finance",
    "pleaseSpecify": "",
    "processStability": "Stable",
    "processDescription": "Lorem Ipsum placeholder text for use in your graphic, print and web layouts, and discover plugins for your favorite writing, design and blogging tools. Explore the origins, history and meaning of the famous passage, and learn how Lorem Ipsum went from",
    "processErrorRate": "Low",
    "region": "india",
    "countryAffiliateSupported": "india",
    "processFrequency": "Daily",
    "processTimeSensitive": "No",
    "monthlyProcessVolume": "1000",
    "unitOfVolumeMeasure": "Emails",
    "numberOfFTE": "5",
    "avgTimeUnitProcessing": "15",
    "averageFTECost": "5000",
    "isProcessScalable": "Yes",
    "primaryBusinessDrivers": "Profitability",
    "biggestPainPoints": "Data Entry Errors",
    "pointProblem": "",
    "adhereToRegulatoryRequirements": "Yes",
    "humanInputRequired": "No",
    "processVariations": "Yes",
    "upcomingApplicationChanges": "No",
    "dataSensitivityRequirements": "No",
    "tokenBasedAuthentication": "No",
    "nonDigitalInputs": "No",
    "updatedSOPsAndProcessMaps": "Yes",
    "expectProcessChangeNext12Months": "No",
    "auditTrailRequired": "Yes",
    "automationInProcessArea": "3",
    "automationProcessAreaOther": "",
    "automationPlatform": "UiPath",
    "provideDetails": "",
    "scheduledOrOnDemand": "Scheduled",
    "simplifyOrStandardizeBeforeAutomating": "No",
    "extractDataFromDocumentsOrURLs": "Yes",
    "languages": "English",
    "provideLanguageSupported": "",
    "multipleSoftwareApplications": "No",
    "inputDataErrorsOrExceptions": "Yes",
    "errorsResolvableWithRulesOrLogic": "Yes",
    "dataExchangeBetweenSystems": "Yes",
    "integrationWithOtherSystemsOrAPIs": "No",
    "highWorkloadPeriods": "Yes",
    "gainInsightsFromProcessData": "Yes",
    "sandboxOrTestEnvironmentAvailable": "Yes",
"image": "https://robohash.org/facilisdignissimosdolore.png"
  },
  {
    "id":5,
    "requestDate":"14-09-2023",
    "processOwnerName": "Akhil Mehra",
    "processOwnerEmail": "process4@example.com",
    "processName": "Data Automation",
    "processComplexity": "Medium",
    "function": "Retail",
    "pleaseSpecify": "",
    "processStability": "Stable",
    "processDescription": "Lorem Ipsum placeholder text for use in your graphic, print and web layouts, and discover plugins for your favorite writing, design and blogging tools. Explore the origins, history and meaning of the famous passage, and learn how Lorem Ipsum went from",
    "processErrorRate": "Low",
    "region": "india",
    "countryAffiliateSupported": "india",
    "processFrequency": "Daily",
    "processTimeSensitive": "No",
    "monthlyProcessVolume": "1000",
    "unitOfVolumeMeasure": "Emails",
    "numberOfFTE": "5",
    "avgTimeUnitProcessing": "15",
    "averageFTECost": "5000",
    "isProcessScalable": "Yes",
    "primaryBusinessDrivers": "Profitability",
    "biggestPainPoints": "Data Entry Errors",
    "pointProblem": "",
    "adhereToRegulatoryRequirements": "Yes",
    "humanInputRequired": "No",
    "processVariations": "Yes",
    "upcomingApplicationChanges": "No",
    "dataSensitivityRequirements": "No",
    "tokenBasedAuthentication": "No",
    "nonDigitalInputs": "No",
    "updatedSOPsAndProcessMaps": "Yes",
    "expectProcessChangeNext12Months": "No",
    "auditTrailRequired": "Yes",
    "automationInProcessArea": "3",
    "automationProcessAreaOther": "",
    "automationPlatform": "UiPath",
    "provideDetails": "",
    "scheduledOrOnDemand": "Scheduled",
    "simplifyOrStandardizeBeforeAutomating": "No",
    "extractDataFromDocumentsOrURLs": "Yes",
    "languages": "English",
    "provideLanguageSupported": "",
    "multipleSoftwareApplications": "No",
    "inputDataErrorsOrExceptions": "Yes",
    "errorsResolvableWithRulesOrLogic": "Yes",
    "dataExchangeBetweenSystems": "Yes",
    "integrationWithOtherSystemsOrAPIs": "No",
    "highWorkloadPeriods": "Yes",
    "gainInsightsFromProcessData": "Yes",
    "sandboxOrTestEnvironmentAvailable": "Yes"
  }
]
}